IP Address,Login Source,Login Date & Time
65.196.236.42,Web,"Apr 17, 2019, 4:31:31 PM"
65.196.236.42,Web,"Apr 17, 2019, 4:31:28 PM"
184.59.0.219,Mobile,"Aug 2, 2017, 12:24:59 AM"
69.135.101.130,Web,"Nov 25, 2019, 8:17:06 PM"
68.56.213.63,Web,"Dec 24, 2019, 8:30:17 PM"
174.238.21.130,Web,"Jan 3, 2020, 2:29:59 PM"
69.135.101.130,Web,"Jan 28, 2020, 3:06:33 PM"
69.135.101.130,Web,"Feb 28, 2020, 4:45:29 PM"
184.58.204.73,Web,"Mar 1, 2020, 10:51:32 PM"
69.135.101.130,Web,"Mar 2, 2020, 4:57:20 PM"
184.58.204.73,Web,"Mar 19, 2020, 2:14:28 PM"
65.30.189.22,Web,"Mar 26, 2020, 11:33:17 PM"
65.30.189.22,Web,"Jun 8, 2020, 5:46:31 PM"
65.30.189.22,Web,"Jul 7, 2020, 6:45:53 PM"
65.30.189.22,Web,"Jul 7, 2020, 6:54:20 PM"
65.30.189.22,Web,"Jul 7, 2020, 7:03:20 PM"
65.30.189.22,Web,"Jul 7, 2020, 7:06:34 PM"
65.30.189.22,Web,"Jul 7, 2020, 7:08:48 PM"
65.30.189.22,Web,"Jul 7, 2020, 7:26:32 PM"
65.30.189.22,Web,"Oct 20, 2020, 7:02:38 PM"
65.30.189.22,Web,"Oct 28, 2020, 5:13:32 PM"
