Photo Filename,Photo Caption
photos/DDF9507F-1A47-4858-B081-102EA45F587E.jpg,""
photos/EBA9DB34-FCA5-4DA3-8DAF-7414675865CA.jpg,""
photos/5E0A6CE5-0DA5-4183-A701-5CD3960D8A75.jpg,""
photos/CA53754F-2614-4523-8E53-D472F2BFB8CA.jpg,""
photos/0CDF0CE8-183F-47CA-91A8-F5C9DA70C321.jpg,""
photos/DA233737-36B6-461B-A8A1-644B87EAB116.jpg,""
photos/D9585D8F-F154-4E22-B9CA-7834C2982DD5.jpg,""
photos/DFAD799B-734A-483F-AC0F-0335F316F8BD.jpg,""
photos/C0E715A3-4D09-4459-99FF-73CEEB5FE953.jpg,""
photos/BC8BCD78-3ABE-4525-A121-4880E960173C.jpg,""
photos/011EB579-79C8-4124-9742-4D4CD0D1359B.jpg,""
photos/7D1C1061-7ECD-43C6-899C-A958311AC834.jpg,""
photos/525BE371-AFBE-4E2E-8E61-6D5DA917F818.jpg,""
photos/B90175EA-2439-4F24-9CBC-FD142AEC57A2.jpg,""
photos/D1ABF1B1-4925-4C30-A64B-9E01CCBA3BC8.jpg,""
photos/4F8C6F99-2E62-402E-81E1-B43654D9B61B.jpg,""
photos/D97EB1BC-ECDC-4D2C-B515-60C9A28A97F9.jpg,""
photos/470E88B9-85E2-4A11-A501-ADD5267C0F9A.jpg,""
photos/6B9306D0-B707-4504-886B-A29126AA387B.jpg,""
photos/D2230E3B-153F-4C85-AE81-1A87CC974F2A.jpg,""
photos/90F4445D-4D15-4E49-9820-EBF30684AC4D.jpg,""
photos/A000D92F-64DA-4B6C-A64D-46509482B923.jpg,""
photos/E629DC95-5833-4508-AF9C-1424A20304B6.jpg,""
photos/09C081AB-4C6D-444A-A183-1775E81E169F.jpg,""
photos/09C8F7D9-83D0-46ED-8C7A-08A53575106F.jpg,""
photos/245930EA-F52B-4CF9-A157-A1430FDCC3D7.jpg,""
photos/4342EC64-989E-4929-823F-63C18EA94F56.jpg,""
photos/EB261526-B6EC-46B0-AC7F-E3D4991A9BCE.jpg,""
photos/F2878FB4-9193-489A-95C7-2D0A29D14509.jpg,""
photos/AAD78B06-146D-4E21-98D2-9D471C0F7FBA.jpg,""
photos/A7BC0F37-F1BC-40A7-8026-DAD8477C1B25.jpg,""
photos/D1A55CE2-E02A-4C99-92CB-807FA039E0E6.jpg,""
photos/7A0AEA6D-24F7-4BB7-A91E-48962A9FF681.jpg,""
photos/BFC2FF84-253A-4D02-B22C-582932B8D13A.jpg,""
photos/F8971EC6-59A5-44F8-995C-D6457B61FFA7.jpg,""
photos/ABBD412D-20F5-4F6D-BF18-8C52DF3F4AE0.jpg,""
photos/868D4C18-DF0B-42F8-B910-E444FE21960B.jpg,""
photos/36F0BD55-C449-40CB-A2B8-BB7CF3A77E3A.jpg,""
photos/1F2549C4-0A97-45FD-A1A1-CB4B983E23E7.jpg,""
photos/5EA2C820-DB5E-4765-973D-AFA2F4117E1B.jpg,""
photos/30A575C8-2BBB-41CF-B28A-02732492C077.jpg,""
photos/A897C26F-83F5-47FB-97D3-A8698B51CFC0.jpg,""
photos/2206624B-7091-4AEA-937C-3701E641A059.jpg,""
photos/7FA7FA73-E68E-452C-AACC-2F4ECE10E5C0.jpg,""
photos/73C401B8-F1DC-47A4-9ACD-9593CB8F6199.jpg,""
photos/8B73F5A3-4B24-4C43-A422-3086BFEDD31D.jpg,""
photos/89330EC4-A719-4ACA-B20B-4199F9809308.jpg,""
photos/9DA7BF47-A57F-4CD4-BFFB-C6419E4E7677.jpg,""
photos/3DE96AF2-C6C1-4099-BEC8-B77494EBC8B2.jpg,""
photos/B3FD7A59-630D-44EC-9C5E-07079436F3E5.jpg,""
photos/745E409D-3FB2-42E6-AD3B-C49DA53DE74F.jpg,""
photos/392F606F-6C42-4208-A306-89CECD947908.jpg,""
photos/03DF3813-2EDF-4071-B6E5-F213B5240D27.jpg,""
photos/AE295FF0-95BA-4362-9C64-8F1F6BAD720B.jpg,""
photos/42E4A6F2-DD40-43F5-AAB2-D73867FE33FC.jpg,""
photos/24D1E9DD-DA43-4E60-B841-4100BA609F6A.jpg,""
photos/F37F6966-E3DE-46EA-AF91-D425B670D604.jpg,""
photos/4996CF80-1F5C-41CE-B31D-320F98B8BDB4.jpg,""
photos/268FFBE9-3030-49B1-ABFE-57B43E30AAEC.jpg,""
photos/17A3BD6F-7BFB-43F3-9B73-3094B7A2CBC7.jpg,""
photos/57B74279-82E0-4C19-80A8-D4F2D6BB7E58.jpg,""
photos/0E5E7701-351F-4C4C-8987-4F22806336C1.jpg,""
photos/6ADC1F8D-8B51-474D-9EB8-EA47E159B743.jpg,""
photos/50BB9DAA-DC11-428F-B536-59A756F3847A.jpg,""
photos/5B1F18F4-347A-4B8F-921C-35482DB3FDA5.jpg,""
photos/0257CA82-9DB5-4948-9DDE-95745009D5FB.jpg,""
photos/83747FDB-2C4E-4112-BE19-8CE2342B7AB0.jpg,""
photos/FED38E41-E3C5-45DB-8F2F-3793AF572523.jpg,""
photos/BC58BCED-49E6-4332-9C0F-EA4965815FA7.jpg,""
photos/72754ADC-22CF-46B7-8A18-E5BFE4DFBC0D.jpg,""
photos/47401154-FC49-4DA7-8339-C196DA309213.jpg,""
photos/30DF2680-C636-4DB7-8BB6-5F7CFC67A9DE.jpg,""
photos/A2347D43-7F19-47B3-AC78-744BF841AF2F.jpg,""
photos/29B84EA4-CA10-4380-9A54-ACA9D942EDF6.jpg,""
photos/99A1E5EF-6C1F-4328-80C4-80F8DFA598B6.jpg,""
photos/30709426-E3E5-4022-AB27-CED8A63C4001.jpg,""
photos/98876437-5B20-4C33-A3D2-77E0BEB9A828.jpg,""
photos/333D74C2-FA1F-4985-89AF-E3F68855A90C.jpg,""
photos/BD3C1582-025E-4BF4-9EC4-21FAEF1D72DB.jpg,""
photos/038E966D-06AA-4016-822D-A051343D2DFB.jpg,""
photos/2F78F439-6BA8-41FD-B16C-06FD91839E4A.jpg,""
photos/2FB5D193-AA68-415E-82C2-5CCC31ACA0BB.jpg,""
photos/150CFA12-F8DB-40DA-979A-2324700B8413.jpg,""
photos/9A1A4EC4-62BB-457C-ABC4-8D8312C48CE3.jpg,""
photos/93F4F929-068E-47D5-A871-5F1170BE55DC.jpg,""
photos/AB0A17C0-CFD2-4F53-9753-7390AA130E86.jpg,""
photos/26355D69-835C-4617-AAC3-88CF7607814F.jpg,""
photos/D02C155E-BD9D-42F6-9D6F-D9471379312A.jpg,""
photos/F7D2D1DE-43D6-4462-87AF-D6705F5FBA00.jpg,""
photos/41B83BA8-F9D5-4A56-8827-CA3ECEA8F4C4.jpg,""
photos/CCC65EE3-C0B2-4397-B855-8563C7AF7734.jpg,""
photos/4513D4D4-AA39-47D8-A1C3-8A438D12BBEA.jpg,""
photos/6B296A8B-A1FF-4FDA-AA08-AAEBD38C4600.jpg,""
photos/FA17D836-5E7E-420C-A748-2C53D60D54D4.jpg,""
photos/7841BA5A-428A-4D0F-8184-53E7EEE9D73B.jpg,""
photos/3CD15F41-D756-4550-86EE-F32B293104F0.jpg,""
photos/3878B8D9-5607-47DF-AEA3-A982C824ECFB.jpg,""
photos/2CDAF7D5-4346-45E2-9A69-2ED7C1F3FC6E.jpg,""
photos/96757726-5CA9-4260-A81A-64296E7CD2C1.jpg,""
photos/F15E709F-BDCC-4CD7-9F5B-835ABC0B8CF6.jpg,""
photos/7E84B694-7042-4BDA-A94E-B489D7CCD831.jpg,""
photos/2DE82B64-E5C1-4D9D-A1C3-072272729AD5.jpg,""
photos/8B4C291E-ECC3-4210-A6B3-12427461A3F5.jpg,""
photos/74974810-AFCD-4AF9-B4C4-3CE12247000D.jpg,""
photos/C89C1FFB-E728-48BD-B6A2-BC33A93BB010.jpg,""
photos/143C560D-0BA0-4FB6-AB59-1DC954300F69.jpg,""
photos/D8ECB7AB-CF16-4A57-BFAC-1275D4950B93.jpg,""
photos/C0AB07F9-B811-4F2F-9C43-1837554D2D70.jpg,""
photos/BF0F6360-3901-4641-A22C-DB79E80A3AB1.jpg,""
photos/531B6284-60C3-4EB8-8FF4-D6CC1487D1EE.jpg,""
photos/E6A819AF-4645-44FC-A910-74A0F91AFE91.jpg,The actual loop of the hike
photos/B70DA6CC-022B-4034-BF38-55717DB68D53.jpg,Nellie butt
photos/38E87994-6C97-4E97-9748-2B1F53314E05.jpg,""
photos/37C29F2C-C120-45FB-81CE-42A75B47563D.jpg,""
photos/59A22865-AB0A-4770-8A6D-0571D4BC9F9B.jpg,""
photos/88B35177-9FEC-4464-A9ED-B741C3ECE6B2.jpg,""
photos/E104D06A-BEEB-43EC-8851-C321E25D3450.jpg,""
photos/00F70654-30B5-43E5-A7A1-C2030D520FE2.jpg,""
photos/602E92D7-8493-4E60-89D9-4165B2B1BEA8.jpg,""
photos/B77B3C29-6A3A-4ECF-BA58-A067C3DF693D.jpg,""
